disaster_type,num_samples,building_iou,damage_mean_iou,no_damage_iou,minor_damage_iou,major_damage_iou,destroyed_iou
bushfire,1845,0.6058,0.6964,0.8329,0.5027,0.5699,0.7181
earthquake,121,0.7882,0.7366,0.7013,0.5209,0.4478,0.6269
fire,1701,0.6944,0.5774,0.8605,0.4441,0.5231,0.5333
flooding,898,0.8034,0.5618,0.7982,0.3467,0.6982,0.7295
hurricane,1219,0.6095,0.5297,0.7205,0.3442,0.6499,0.794
tornado,719,0.8482,0.5244,0.8739,0.486,0.6185,0.7158
tsunami,261,0.6966,0.5071,0.8317,0.4961,0.6092,0.6115
volcano,309,0.721,0.658,0.8001,0.4925,0.438,0.6301
wildfire,2095,0.7468,0.7187,0.7529,0.4872,0.5902,0.6455
